x2web02.myhosting.com,Warning:,DocumentRoot,[/var/www/domains/grassrootsbusinessdevelopment.com/docs],does,not
x2web02.myhosting.com,Warning:,DocumentRoot,[/var/www/domains/tacticstrivia.com/docs],does,not
x2web02.myhosting.com,Warning:,DocumentRoot,[/var/www/domains/x.tommy2.com/docs],does,not
x2web02.myhosting.com,[Tue,Jan,01,21:15:05,2019]
x2web02.myhosting.com,VirtualHost,configuration:,,,
x2web02.myhosting.com,168.144.248.94:443,is,a,NameVirtualHost,
x2web02.myhosting.com,default,server,davetaylorelectriccom.secure.myhosting.net,(/etc/apache2/sites-enabled/ssl-davetaylorelectriccom.secure.myhosting.net.conf:2),
x2web02.myhosting.com,port,443,namevhost,davetaylorelectriccom.secure.myhosting.net,(/etc/apache2/sites-enabled/ssl-davetaylorelectriccom.secure.myhosting.net.conf:2)
x2web02.myhosting.com,port,443,namevhost,suppancontemporarycom.secure.myhosting.net,(/etc/apache2/sites-enabled/ssl-suppancontemporarycom.secure.myhosting.net.conf:2)
x2web02.myhosting.com,port,443,namevhost,xpwbscom.secure.myhosting.net,(/etc/apache2/sites-enabled/ssl-xpwbscom.secure.myhosting.net.conf:2)
x2web02.myhosting.com,port,443,namevhost,xunseahawkscom.secure.myhosting.net,(/etc/apache2/sites-enabled/ssl-xunseahawkscom.secure.myhosting.net.conf:2)
x2web02.myhosting.com,wildcard,NameVirtualHosts,and,_default_,servers:
x2web02.myhosting.com,*:443,is,a,NameVirtualHost,
x2web02.myhosting.com,default,server,x2web02.myhosting.com,(/etc/apache2/apache2.conf:439),
x2web02.myhosting.com,port,443,namevhost,x2web02.myhosting.com,(/etc/apache2/apache2.conf:439)
x2web02.myhosting.com,port,443,namevhost,daterrabiz-com.secure.myhosting.net,(/etc/apache2/sites-enabled/ssl-daterrabiz-com.secure.myhosting.net.conf:2)
x2web02.myhosting.com,port,443,namevhost,motivationalpencilart_com.secure.myhosting.net,(/etc/apache2/sites-enabled/ssl-motivationalpencilart_com.secure.myhosting.net.conf:2)
x2web02.myhosting.com,*:80,is,a,NameVirtualHost,
x2web02.myhosting.com,default,server,x2web02.myhosting.com,(/etc/apache2/apache2.conf:423),
x2web02.myhosting.com,port,80,namevhost,x2web02.myhosting.com,(/etc/apache2/apache2.conf:423)
x2web02.myhosting.com,port,80,namevhost,external.x2web01.myhosting.com,(/etc/apache2/sites-enabled/000-default:1)
x2web02.myhosting.com,port,80,namevhost,adare.ca,(/etc/apache2/sites-enabled/adare.ca.conf:2)
x2web02.myhosting.com,port,80,namevhost,affittiappartamenti.com,(/etc/apache2/sites-enabled/affittiappartamenti.com.conf:2)
x2web02.myhosting.com,port,80,namevhost,albref.com,(/etc/apache2/sites-enabled/albref.com.conf:2)
x2web02.myhosting.com,port,80,namevhost,amountainwindmartialarts.com,(/etc/apache2/sites-enabled/amountainwindmartialarts.com.conf:2)
x2web02.myhosting.com,port,80,namevhost,anevergreenevent.com,(/etc/apache2/sites-enabled/anevergreenevent.com.conf:2)
x2web02.myhosting.com,port,80,namevhost,antiquetractorvideo.com,(/etc/apache2/sites-enabled/antiquetractorvideo.com.conf:2)
x2web02.myhosting.com,port,80,namevhost,benjaminkroll.com,(/etc/apache2/sites-enabled/benjaminkroll.com.conf:2)
x2web02.myhosting.com,port,80,namevhost,biogas-energy.com,(/etc/apache2/sites-enabled/biogas-energy.com.conf:2)
x2web02.myhosting.com,port,80,namevhost,blackhorseholdings.com,(/etc/apache2/sites-enabled/blackhorseholdings.com.conf:2)
x2web02.myhosting.com,port,80,namevhost,buildesign.com,(/etc/apache2/sites-enabled/buildesign.com.conf:2)
x2web02.myhosting.com,port,80,namevhost,carthy.ca,(/etc/apache2/sites-enabled/carthy.ca.conf:2)
x2web02.myhosting.com,port,80,namevhost,cwladis.com,(/etc/apache2/sites-enabled/cwladis.com.conf:2)
x2web02.myhosting.com,port,80,namevhost,daterrabiz.com,(/etc/apache2/sites-enabled/daterrabiz.com.conf:2)
x2web02.myhosting.com,port,80,namevhost,davetaylorelectric.com,(/etc/apache2/sites-enabled/davetaylorelectric.com.conf:2)
x2web02.myhosting.com,port,80,namevhost,forums.softcom.biz,(/etc/apache2/sites-enabled/forums.softcom.biz.conf:2)
x2web02.myhosting.com,port,80,namevhost,gh-parker.com,(/etc/apache2/sites-enabled/gh-parker.com.conf:2)
x2web02.myhosting.com,port,80,namevhost,grassrootsbusinessdevelopment.com,(/etc/apache2/sites-enabled/grassrootsbusinessdevelopment.com.conf:2)
x2web02.myhosting.com,port,80,namevhost,greattakesvideo.com,(/etc/apache2/sites-enabled/greattakesvideo.com.conf:2)
x2web02.myhosting.com,port,80,namevhost,green-products.us,(/etc/apache2/sites-enabled/green-products.us.conf:2)
x2web02.myhosting.com,port,80,namevhost,happylife.ca,(/etc/apache2/sites-enabled/happylife.ca.conf:2)
x2web02.myhosting.com,port,80,namevhost,harodite.com,(/etc/apache2/sites-enabled/harodite.com.conf:2)
x2web02.myhosting.com,port,80,namevhost,hollymillerart.com,(/etc/apache2/sites-enabled/hollymillerart.com.conf:2)
x2web02.myhosting.com,port,80,namevhost,ironthistledrafts.com,(/etc/apache2/sites-enabled/ironthistledrafts.com.conf:2)
x2web02.myhosting.com,port,80,namevhost,localfolksinsurance.com,(/etc/apache2/sites-enabled/localfolksinsurance.com.conf:2)
x2web02.myhosting.com,port,80,namevhost,mallett-web.com,(/etc/apache2/sites-enabled/mallett-web.com.conf:2)
x2web02.myhosting.com,port,80,namevhost,marmacor.com,(/etc/apache2/sites-enabled/marmacor.com.conf:2)
x2web02.myhosting.com,port,80,namevhost,mercatinoannuncigratis.com,(/etc/apache2/sites-enabled/mercatinoannuncigratis.com.conf:2)
x2web02.myhosting.com,port,80,namevhost,meritmfginc.com,(/etc/apache2/sites-enabled/meritmfginc.com.conf:2)
x2web02.myhosting.com,port,80,namevhost,midas.nl,(/etc/apache2/sites-enabled/midas.nl.conf:2)
x2web02.myhosting.com,port,80,namevhost,politicking.ca,(/etc/apache2/sites-enabled/politicking.ca.conf:2)
x2web02.myhosting.com,port,80,namevhost,publig.at,(/etc/apache2/sites-enabled/publig.at.conf:2)
x2web02.myhosting.com,port,80,namevhost,qanawat-me.com,(/etc/apache2/sites-enabled/qanawat-me.com.conf:2)
x2web02.myhosting.com,port,80,namevhost,robledacourt.com,(/etc/apache2/sites-enabled/robledacourt.com.conf:2)
x2web02.myhosting.com,port,80,namevhost,ryanwirth.com,(/etc/apache2/sites-enabled/ryanwirth.com.conf:2)
x2web02.myhosting.com,port,80,namevhost,salman-vietri.com,(/etc/apache2/sites-enabled/salman-vietri.com.conf:2)
x2web02.myhosting.com,port,80,namevhost,sekban.com.tr,(/etc/apache2/sites-enabled/sekban.com.tr.conf:2)
x2web02.myhosting.com,port,80,namevhost,skipsmith.com,(/etc/apache2/sites-enabled/skipsmith.com.conf:2)
x2web02.myhosting.com,port,80,namevhost,sobbhana.org,(/etc/apache2/sites-enabled/sobbhana.org.conf:2)
x2web02.myhosting.com,port,80,namevhost,sportsacrobatics.info,(/etc/apache2/sites-enabled/sportsacrobatics.info.conf:2)
x2web02.myhosting.com,port,80,namevhost,sptechindia.com,(/etc/apache2/sites-enabled/sptechindia.com.conf:2)
x2web02.myhosting.com,port,80,namevhost,suppancontemporary.com,(/etc/apache2/sites-enabled/suppancontemporary.com.conf:2)
x2web02.myhosting.com,port,80,namevhost,sweettalkstables.com,(/etc/apache2/sites-enabled/sweettalkstables.com.conf:2)
x2web02.myhosting.com,port,80,namevhost,tacticstrivia.com,(/etc/apache2/sites-enabled/tacticstrivia.com.conf:2)
x2web02.myhosting.com,port,80,namevhost,thmdesigns.net,(/etc/apache2/sites-enabled/thmdesigns.net.conf:2)
x2web02.myhosting.com,port,80,namevhost,tsai2.com,(/etc/apache2/sites-enabled/tsai2.com.conf:2)
x2web02.myhosting.com,port,80,namevhost,turkkulturuvetarihi.com,(/etc/apache2/sites-enabled/turkkulturuvetarihi.com.conf:2)
x2web02.myhosting.com,port,80,namevhost,vandegriftinc.com,(/etc/apache2/sites-enabled/vandegriftinc.com.conf:2)
x2web02.myhosting.com,port,80,namevhost,wac-it.com,(/etc/apache2/sites-enabled/wac-it.com.conf:2)
x2web02.myhosting.com,port,80,namevhost,wiki.myhosting.com,(/etc/apache2/sites-enabled/wiki.myhosting.com.conf:2)
x2web02.myhosting.com,port,80,namevhost,wiki.softcom.biz,(/etc/apache2/sites-enabled/wiki.softcom.biz.conf:2)
x2web02.myhosting.com,port,80,namevhost,x.4riversmontana.com,(/etc/apache2/sites-enabled/x.4riversmontana.com.conf:2)
x2web02.myhosting.com,port,80,namevhost,x.aaifnc.org,(/etc/apache2/sites-enabled/x.aaifnc.org.conf:2)
x2web02.myhosting.com,port,80,namevhost,x.acwsalcta.ca,(/etc/apache2/sites-enabled/x.acwsalcta.ca.conf:2)
x2web02.myhosting.com,port,80,namevhost,x.albayoumi.com,(/etc/apache2/sites-enabled/x.albayoumi.com.conf:2)
x2web02.myhosting.com,port,80,namevhost,x.alfredsvictorian.com,(/etc/apache2/sites-enabled/x.alfredsvictorian.com.conf:2)
x2web02.myhosting.com,port,80,namevhost,x.almileytree.ca,(/etc/apache2/sites-enabled/x.almileytree.ca.conf:2)
x2web02.myhosting.com,port,80,namevhost,x.arenapro.com,(/etc/apache2/sites-enabled/x.arenapro.com.conf:2)
x2web02.myhosting.com,port,80,namevhost,x.attuneconsulting.com,(/etc/apache2/sites-enabled/x.attuneconsulting.com.conf:2)
x2web02.myhosting.com,port,80,namevhost,x.bakerfamily4.net,(/etc/apache2/sites-enabled/x.bakerfamily4.net.conf:2)
x2web02.myhosting.com,port,80,namevhost,x.banderson.com,(/etc/apache2/sites-enabled/x.banderson.com.conf:2)
x2web02.myhosting.com,port,80,namevhost,x.barghouti.com,(/etc/apache2/sites-enabled/x.barghouti.com.conf:2)
x2web02.myhosting.com,port,80,namevhost,x.benark.com,(/etc/apache2/sites-enabled/x.benark.com.conf:2)
x2web02.myhosting.com,port,80,namevhost,x.bickerfree.com,(/etc/apache2/sites-enabled/x.bickerfree.com.conf:2)
x2web02.myhosting.com,port,80,namevhost,x.bodysenseusa.com,(/etc/apache2/sites-enabled/x.bodysenseusa.com.conf:2)
x2web02.myhosting.com,port,80,namevhost,x.burcakbaskan.com,(/etc/apache2/sites-enabled/x.burcakbaskan.com.conf:2)
x2web02.myhosting.com,port,80,namevhost,x.burnleyappraisal.com,(/etc/apache2/sites-enabled/x.burnleyappraisal.com.conf:2)
x2web02.myhosting.com,port,80,namevhost,x.caltranshost.com,(/etc/apache2/sites-enabled/x.caltranshost.com.conf:2)
x2web02.myhosting.com,port,80,namevhost,x.canticleandconundrum.com,(/etc/apache2/sites-enabled/x.canticleandconundrum.com.conf:2)
x2web02.myhosting.com,port,80,namevhost,x.carlsonmetal.com,(/etc/apache2/sites-enabled/x.carlsonmetal.com.conf:2)
x2web02.myhosting.com,port,80,namevhost,x.ches-systems.com,(/etc/apache2/sites-enabled/x.ches-systems.com.conf:2)
x2web02.myhosting.com,port,80,namevhost,x.cobaltequipment.net,(/etc/apache2/sites-enabled/x.cobaltequipment.net.conf:2)
x2web02.myhosting.com,port,80,namevhost,x.consensocubano.org,(/etc/apache2/sites-enabled/x.consensocubano.org.conf:2)
x2web02.myhosting.com,port,80,namevhost,x.cts-ky.com,(/etc/apache2/sites-enabled/x.cts-ky.com.conf:2)
x2web02.myhosting.com,port,80,namevhost,x.dalyworld.net,(/etc/apache2/sites-enabled/x.dalyworld.net.conf:2)
x2web02.myhosting.com,port,80,namevhost,x.dcielp.com,(/etc/apache2/sites-enabled/x.dcielp.com.conf:2)
x2web02.myhosting.com,port,80,namevhost,x.dent-masterson.com,(/etc/apache2/sites-enabled/x.dent-masterson.com.conf:2)
x2web02.myhosting.com,port,80,namevhost,x.donmar.ca,(/etc/apache2/sites-enabled/x.donmar.ca.conf:2)
x2web02.myhosting.com,port,80,namevhost,x.dr-pong.com,(/etc/apache2/sites-enabled/x.dr-pong.com.conf:2)
x2web02.myhosting.com,port,80,namevhost,x.dreamspell.net,(/etc/apache2/sites-enabled/x.dreamspell.net.conf:2)
x2web02.myhosting.com,port,80,namevhost,x.dsfcpa.com,(/etc/apache2/sites-enabled/x.dsfcpa.com.conf:2)
x2web02.myhosting.com,port,80,namevhost,x.e-tutornigeria.com,(/etc/apache2/sites-enabled/x.e-tutornigeria.com.conf:2)
x2web02.myhosting.com,port,80,namevhost,x.edloikits.com,(/etc/apache2/sites-enabled/x.edloikits.com.conf:2)
x2web02.myhosting.com,port,80,namevhost,x.evgenysoft.com,(/etc/apache2/sites-enabled/x.evgenysoft.com.conf:2)
x2web02.myhosting.com,port,80,namevhost,x.f9-soft.com,(/etc/apache2/sites-enabled/x.f9-soft.com.conf:2)
x2web02.myhosting.com,port,80,namevhost,x.finchrat.com,(/etc/apache2/sites-enabled/x.finchrat.com.conf:2)
x2web02.myhosting.com,port,80,namevhost,x.fischer-ing.ch,(/etc/apache2/sites-enabled/x.fischer-ing.ch.conf:2)
x2web02.myhosting.com,port,80,namevhost,x.forcetendesign.com,(/etc/apache2/sites-enabled/x.forcetendesign.com.conf:2)
x2web02.myhosting.com,port,80,namevhost,x.fundraiserflowers.com,(/etc/apache2/sites-enabled/x.fundraiserflowers.com.conf:2)
x2web02.myhosting.com,port,80,namevhost,x.gemsenvogue.com,(/etc/apache2/sites-enabled/x.gemsenvogue.com.conf:2)
x2web02.myhosting.com,port,80,namevhost,x.globalinktranslations.com,(/etc/apache2/sites-enabled/x.globalinktranslations.com.conf:2)
x2web02.myhosting.com,port,80,namevhost,x.gunmasters.com,(/etc/apache2/sites-enabled/x.gunmasters.com.conf:2)
x2web02.myhosting.com,port,80,namevhost,x.highfoot.net,(/etc/apache2/sites-enabled/x.highfoot.net.conf:2)
x2web02.myhosting.com,port,80,namevhost,x.hobbsgallery.com,(/etc/apache2/sites-enabled/x.hobbsgallery.com.conf:2)
x2web02.myhosting.com,port,80,namevhost,x.ians.test,(/etc/apache2/sites-enabled/x.ians.test.conf:2)
x2web02.myhosting.com,port,80,namevhost,x.idemandsystems.com,(/etc/apache2/sites-enabled/x.idemandsystems.com.conf:2)
x2web02.myhosting.com,port,80,namevhost,x.ingenieriadec.com,(/etc/apache2/sites-enabled/x.ingenieriadec.com.conf:2)
x2web02.myhosting.com,port,80,namevhost,x.ingsog.net,(/etc/apache2/sites-enabled/x.ingsog.net.conf:2)
x2web02.myhosting.com,port,80,namevhost,x.inno-view.com,(/etc/apache2/sites-enabled/x.inno-view.com.conf:2)
x2web02.myhosting.com,port,80,namevhost,x.jigsaw-solutions.com,(/etc/apache2/sites-enabled/x.jigsaw-solutions.com.conf:2)
x2web02.myhosting.com,port,80,namevhost,x.jl-a.com,(/etc/apache2/sites-enabled/x.jl-a.com.conf:2)
x2web02.myhosting.com,port,80,namevhost,x.jordan8.com,(/etc/apache2/sites-enabled/x.jordan8.com.conf:2)
x2web02.myhosting.com,port,80,namevhost,x.keyifliyasam.cc,(/etc/apache2/sites-enabled/x.keyifliyasam.cc.conf:2)
x2web02.myhosting.com,port,80,namevhost,x.kundalininow.com,(/etc/apache2/sites-enabled/x.kundalininow.com.conf:2)
x2web02.myhosting.com,port,80,namevhost,x.leebottom.com,(/etc/apache2/sites-enabled/x.leebottom.com.conf:2)
x2web02.myhosting.com,port,80,namevhost,x.lifesgift.com,(/etc/apache2/sites-enabled/x.lifesgift.com.conf:2)
x2web02.myhosting.com,port,80,namevhost,x.marijan.com,(/etc/apache2/sites-enabled/x.marijan.com.conf:2)
x2web02.myhosting.com,port,80,namevhost,x.marturet.com,(/etc/apache2/sites-enabled/x.marturet.com.conf:2)
x2web02.myhosting.com,port,80,namevhost,x.maryjorobinson.com,(/etc/apache2/sites-enabled/x.maryjorobinson.com.conf:2)
x2web02.myhosting.com,port,80,namevhost,x.motivationalpencilart.com,(/etc/apache2/sites-enabled/x.motivationalpencilart.com.conf:2)
x2web02.myhosting.com,port,80,namevhost,x.nuevavida.net,(/etc/apache2/sites-enabled/x.nuevavida.net.conf:2)
x2web02.myhosting.com,port,80,namevhost,x.nutsonbents.myhosting.net,(/etc/apache2/sites-enabled/x.nutsonbents.myhosting.net.conf:2)
x2web02.myhosting.com,port,80,namevhost,x.oceanresortgroup.com,(/etc/apache2/sites-enabled/x.oceanresortgroup.com.conf:2)
x2web02.myhosting.com,port,80,namevhost,x.odel.com,(/etc/apache2/sites-enabled/x.odel.com.conf:2)
x2web02.myhosting.com,port,80,namevhost,x.packagebusters.com,(/etc/apache2/sites-enabled/x.packagebusters.com.conf:2)
x2web02.myhosting.com,port,80,namevhost,x.pagesbypaul.com,(/etc/apache2/sites-enabled/x.pagesbypaul.com.conf:2)
x2web02.myhosting.com,port,80,namevhost,x.pamelamoore.net,(/etc/apache2/sites-enabled/x.pamelamoore.net.conf:2)
x2web02.myhosting.com,port,80,namevhost,x.pefagan.com,(/etc/apache2/sites-enabled/x.pefagan.com.conf:2)
x2web02.myhosting.com,port,80,namevhost,x.phootos.com,(/etc/apache2/sites-enabled/x.phootos.com.conf:2)
x2web02.myhosting.com,port,80,namevhost,x.phuket-ocean.com,(/etc/apache2/sites-enabled/x.phuket-ocean.com.conf:2)
x2web02.myhosting.com,port,80,namevhost,x.pwbs.com,(/etc/apache2/sites-enabled/x.pwbs.com.conf:2)
x2web02.myhosting.com,port,80,namevhost,x.qtsloads.com,(/etc/apache2/sites-enabled/x.qtsloads.com.conf:2)
x2web02.myhosting.com,port,80,namevhost,x.robertsresearch.com,(/etc/apache2/sites-enabled/x.robertsresearch.com.conf:2)
x2web02.myhosting.com,port,80,namevhost,x.ryf.ch,(/etc/apache2/sites-enabled/x.ryf.ch.conf:2)
x2web02.myhosting.com,port,80,namevhost,x.semaozornek.com,(/etc/apache2/sites-enabled/x.semaozornek.com.conf:2)
x2web02.myhosting.com,port,80,namevhost,x.sofgen.com,(/etc/apache2/sites-enabled/x.sofgen.com.conf:2)
x2web02.myhosting.com,port,80,namevhost,x.soundofindia.com,(/etc/apache2/sites-enabled/x.soundofindia.com.conf:2)
x2web02.myhosting.com,port,80,namevhost,x.stevenscream.info,(/etc/apache2/sites-enabled/x.stevenscream.info.conf:2)
x2web02.myhosting.com,port,80,namevhost,x.stewdiomedia.com,(/etc/apache2/sites-enabled/x.stewdiomedia.com.conf:2)
x2web02.myhosting.com,port,80,namevhost,x.suttledesign.com,(/etc/apache2/sites-enabled/x.suttledesign.com.conf:2)
x2web02.myhosting.com,port,80,namevhost,x.tansobak.com,(/etc/apache2/sites-enabled/x.tansobak.com.conf:2)
x2web02.myhosting.com,port,80,namevhost,x.taylorcrew.org,(/etc/apache2/sites-enabled/x.taylorcrew.org.conf:2)
x2web02.myhosting.com,port,80,namevhost,x.tejasequipment.com,(/etc/apache2/sites-enabled/x.tejasequipment.com.conf:2)
x2web02.myhosting.com,port,80,namevhost,x.texte-und-mehr.com,(/etc/apache2/sites-enabled/x.texte-und-mehr.com.conf:2)
x2web02.myhosting.com,port,80,namevhost,x.the-jeromes.com,(/etc/apache2/sites-enabled/x.the-jeromes.com.conf:2)
x2web02.myhosting.com,port,80,namevhost,x.thornhillparktennisclub.ca,(/etc/apache2/sites-enabled/x.thornhillparktennisclub.ca.conf:2)
x2web02.myhosting.com,port,80,namevhost,x.timdraper.com,(/etc/apache2/sites-enabled/x.timdraper.com.conf:2)
x2web02.myhosting.com,port,80,namevhost,x.tobuta.com,(/etc/apache2/sites-enabled/x.tobuta.com.conf:2)
x2web02.myhosting.com,port,80,namevhost,x.tommy2.com,(/etc/apache2/sites-enabled/x.tommy2.com.conf:2)
x2web02.myhosting.com,port,80,namevhost,x.tru-colour.com,(/etc/apache2/sites-enabled/x.tru-colour.com.conf:2)
x2web02.myhosting.com,port,80,namevhost,x.unseahawks.com,(/etc/apache2/sites-enabled/x.unseahawks.com.conf:2)
x2web02.myhosting.com,port,80,namevhost,x.vceinc.com,(/etc/apache2/sites-enabled/x.vceinc.com.conf:2)
x2web02.myhosting.com,port,80,namevhost,x.wonderwheelrecordings.com,(/etc/apache2/sites-enabled/x.wonderwheelrecordings.com.conf:2)
x2web02.myhosting.com,port,80,namevhost,x.wuestgroup.com,(/etc/apache2/sites-enabled/x.wuestgroup.com.conf:2)
x2web02.myhosting.com,port,80,namevhost,x.youtwit.com,(/etc/apache2/sites-enabled/x.youtwit.com.conf:2)
x2web02.myhosting.com,port,80,namevhost,x.zaplana.net,(/etc/apache2/sites-enabled/x.zaplana.net.conf:2)
x2web02.myhosting.com,Syntax,OK,,,
